{"epoch": 2, "batch": 16, "classification_loss": 2.5028462409973145, "pair_loss": 0.6274018287658691, "clothes_loss": 5.559283256530762, "adversarial_loss": 5.549701690673828, "accuracy": 0.529411792755127, "clothes_accuracy": 0.0, "_timestamp": 1723035054.3245397, "_runtime": 85.80968570709229, "_step": 162, "epoch_classification_loss": 3.1235987983900926, "epoch_pair_loss": 0.7319286017582334, "epoch_clothes_loss": 5.5789955139160154, "epoch_adversarial_loss": 5.560229640171445, "epoch_accuracy": 0.3136853575706482, "epoch_clothes_accuracy": 0.0019396551651880145}