{"epoch": 2, "batch": 6, "classification_loss": 1.3174431324005127, "pair_loss": 0.3895992040634155, "clothes_loss": 5.603170394897461, "adversarial_loss": 5.608609199523926, "accuracy": 0.9441964626312256, "clothes_accuracy": 0.008928571827709675, "_timestamp": 1723033205.0273721, "_runtime": 261.29906606674194, "_step": 142, "epoch_classification_loss": 2.5361618686605385, "epoch_pair_loss": 0.4949158979786767, "epoch_clothes_loss": 5.72985580585621, "epoch_adversarial_loss": 5.726146154050474, "epoch_accuracy": 0.59224534034729, "epoch_clothes_accuracy": 0.002430555410683155}