{"epoch": 2, "batch": 6, "classification_loss": 1.4323852062225342, "pair_loss": 0.4603203535079956, "clothes_loss": 5.786264896392822, "adversarial_loss": 5.7812066078186035, "accuracy": 0.9486607313156128, "clothes_accuracy": 0.0022321429569274187, "_timestamp": 1723033205.037307, "_runtime": 260.9897630214691, "_step": 142, "epoch_classification_loss": 2.5394594183674566, "epoch_pair_loss": 0.5005877002521798, "epoch_clothes_loss": 5.738279091870344, "epoch_adversarial_loss": 5.734636211395264, "epoch_accuracy": 0.5964120030403137, "epoch_clothes_accuracy": 0.004745370242744684}