{"epoch": 2, "batch": 144, "classification_loss": 2.4458138942718506, "pair_loss": 0.7007046937942505, "clothes_loss": 5.697881698608398, "adversarial_loss": 5.660593032836914, "accuracy": 0.6130387783050537, "clothes_accuracy": 0.003340517170727253, "_timestamp": 1723035490.1197305, "_runtime": 151.26854348182678, "_step": 291, "epoch_classification_loss": 2.033432806771377, "epoch_pair_loss": 0.6065483171364356, "epoch_clothes_loss": 5.5815570206477725, "epoch_adversarial_loss": 5.562297094279322, "epoch_accuracy": 0.6130387783050537, "epoch_clothes_accuracy": 0.003340517170727253, "_wandb": {"runtime": 151}}