{"epoch": 2, "batch": 144, "classification_loss": 1.9170749187469482, "pair_loss": 0.7448421716690063, "clothes_loss": 5.671529293060303, "adversarial_loss": 5.6331939697265625, "accuracy": 0.4713362157344818, "clothes_accuracy": 0.0028017242439091206, "_timestamp": 1723032927.5903661, "_runtime": 291.8837101459503, "_step": 291, "epoch_classification_loss": 2.5195049877824456, "epoch_pair_loss": 0.7122322246946138, "epoch_clothes_loss": 5.578787635934764, "epoch_adversarial_loss": 5.560869539195093, "epoch_accuracy": 0.4713362157344818, "epoch_clothes_accuracy": 0.0028017242439091206, "_wandb": {"runtime": 291}}