{"epoch": 2, "batch": 21, "classification_loss": 1.8256170749664307, "pair_loss": 0.6402773261070251, "clothes_loss": 5.581671714782715, "adversarial_loss": 5.569543361663818, "accuracy": 0.5639204978942871, "clothes_accuracy": 0.0021306818816810846, "_timestamp": 1723034373.205653, "_runtime": 331.64700388908386, "_step": 167, "epoch_classification_loss": 3.1104157817774807, "epoch_pair_loss": 0.7277021736934267, "epoch_clothes_loss": 5.584432125091553, "epoch_adversarial_loss": 5.565068343590045, "epoch_accuracy": 0.31530171632766724, "epoch_clothes_accuracy": 0.0021551724057644606}