{"epoch": 1, "batch": 270, "classification_loss": 1.5214017629623413, "pair_loss": 0.3812519311904907, "clothes_loss": 5.710122585296631, "adversarial_loss": 5.711331367492676, "accuracy": 0.5803159475326538, "clothes_accuracy": 0.0032287822104990482, "_timestamp": 1723033742.3895597, "_runtime": 172.76917672157288, "_step": 271, "epoch_classification_loss": 2.5418717548856, "epoch_pair_loss": 0.42651566780581246, "epoch_clothes_loss": 5.753625570628036, "epoch_adversarial_loss": 5.7495394562443245, "epoch_accuracy": 0.5803159475326538, "epoch_clothes_accuracy": 0.0032287822104990482, "_wandb": {"runtime": 173}}