{"epoch": 2, "batch": 144, "classification_loss": 3.8458142280578613, "pair_loss": 0.8234804272651672, "clothes_loss": 5.558280944824219, "adversarial_loss": 5.533357620239258, "accuracy": 0.4797413647174835, "clothes_accuracy": 0.004310344811528921, "_timestamp": 1723032927.5804386, "_runtime": 291.46885871887207, "_step": 291, "epoch_classification_loss": 2.4929542212650695, "epoch_pair_loss": 0.7076452600544897, "epoch_clothes_loss": 5.573739985761971, "epoch_adversarial_loss": 5.556175037910198, "epoch_accuracy": 0.4797413647174835, "epoch_clothes_accuracy": 0.004310344811528921, "_wandb": {"runtime": 291}}